{"episode": [0], "nb_episode_steps": [9], "loss": [NaN], "mean_eps": [NaN], "Final_X": [-0.556033194065094], "duration": [17.255844424034862], "episode_reward": [-115.02754206137472], "nb_steps": [9], "Final_Y": [0.21226395666599274], "mean_absolute_error": [NaN], "mean_q": [NaN]}