{"loss": [NaN], "mean_q": [NaN], "episode": [0], "duration": [19.994008431955955], "Final_X": [-2.791815996170044], "Final_Y": [3.3502254486083984], "mean_eps": [NaN], "mean_absolute_error": [NaN], "nb_steps": [9], "episode_reward": [-113.03436187985956], "nb_episode_steps": [9]}